id,name,status,species,type,gender
1,Rick Sanchez,Alive,Human,,Male
2,Morty Smith,Alive,Human,,Male
3,Summer Smith,Alive,Human,,Female
4,Beth Smith,Alive,Human,,Female
5,Jerry Smith,Alive,Human,,Male
6,Abadango Cluster Princess,Alive,Alien,,Female
7,Abradolf Lincler,unknown,Human,Genetic experiment,Male
8,Adjudicator Rick,Dead,Human,,Male
9,Agency Director,Dead,Human,,Male
10,Alan Rails,Dead,Human,Superhuman (Ghost trains summoner),Male
11,Albert Einstein,Dead,Human,,Male
12,Alexander,Dead,Human,,Male
13,Alien Googah,unknown,Alien,,unknown
14,Alien Morty,unknown,Alien,,Male
15,Alien Rick,unknown,Alien,,Male
16,Amish Cyborg,Dead,Alien,Parasite,Male
17,Annie,Alive,Human,,Female
18,Antenna Morty,Alive,Human,Human with antennae,Male
19,Antenna Rick,unknown,Human,Human with antennae,Male
20,Ants in my Eyes Johnson,unknown,Human,Human with ants in his eyes,Male
21,Aqua Morty,unknown,Humanoid,Fish-Person,Male
22,Aqua Rick,unknown,Humanoid,Fish-Person,Male
23,Arcade Alien,unknown,Alien,,Male
24,Armagheadon,Alive,Alien,Cromulon,Male
25,Armothy,Dead,unknown,Self-aware arm,Male
26,Arthricia,Alive,Alien,Cat-Person,Female
27,Artist Morty,Alive,Human,,Male
28,Attila Starwar,Alive,Human,,Male
29,Baby Legs,Alive,Human,Human with baby legs,Male
30,Baby Poopybutthole,Alive,Poopybutthole,,Male
31,Baby Wizard,Dead,Alien,Parasite,Male
32,Bearded Lady,Dead,Alien,Parasite,Female
33,Beebo,Dead,Alien,,Male
34,Benjamin,Alive,Poopybutthole,,Male
35,Bepisian,Alive,Alien,Bepisian,unknown
36,Beta-Seven,Alive,Alien,Hivemind,unknown
37,Beth Sanchez,Alive,Human,,Female
38,Beth Smith,Alive,Human,,Female
39,Beth Smith,Alive,Human,,Female
40,Beth's Mytholog,Dead,Mythological Creature,Mytholog,Female
41,Big Boobed Waitress,Alive,Mythological Creature,,Female
42,Big Head Morty,unknown,Human,Human with giant head,Male
43,Big Morty,Dead,Human,,Male
44,Body Guard Morty,Dead,Human,,Male
45,Bill,Alive,Human,,Male
46,Bill,unknown,Animal,Dog,Male
47,Birdperson,Alive,Alien,Bird-Person,Male
48,Black Rick,Alive,Human,,Male
49,Blamph,Alive,Alien,,unknown
50,Blim Blam,Alive,Alien,Korblock,Male
51,Blue Diplomat,Alive,Alien,,Male
52,Blue Footprint Guy,Dead,Human,,Male
53,Blue Shirt Morty,unknown,Human,,Male
54,Bobby Moynihan,Alive,Human,,Male
55,Boobloosian,Dead,Alien,Boobloosian,unknown
56,Bootleg Portal Chemist Rick,Dead,Human,,Male
57,Borpocian,Alive,Alien,Elephant-Person,Male
58,Brad,Alive,Human,,Male
59,Brad Anderson,Dead,Human,,Male
60,Calypso,Dead,Human,Superhuman,Female
61,Campaign Manager Morty,Dead,Human,,Male
62,Canklanker Thom,Dead,Alien,Gromflomite,Male
63,Centaur,Alive,Mythological Creature,Centaur,Male
64,Chris,Dead,Alien,Organic gun,unknown
65,Chris,Alive,Humanoid,Microverse inhabitant,Male
66,Coach Feratu (Balik Alistane),Dead,Mythological Creature,Vampire,Male
67,Collector,Alive,Alien,Light bulb-Alien,Male
68,Colossus,Dead,Human,,Male
69,Commander Rick,Dead,Human,,Male
70,Concerto,Dead,Humanoid,,Male
71,Conroy,Dead,Robot,,unknown
72,Cool Rick,Alive,Human,,Male
73,Cop Morty,Dead,Human,,Male
74,Cop Rick,Alive,Human,,Male
75,Courier Flap,Alive,Alien,,unknown
76,Cousin Nicky,Dead,Alien,Parasite,Male
77,Cowboy Morty,Alive,Human,,Male
78,Cowboy Rick,Alive,Human,,Male
79,Crab Spider,Alive,Alien,Animal,unknown
80,Creepy Little Girl,Alive,Human,,Female
81,Crocubot,Dead,Animal,Robot-Crocodile hybrid,Male
82,Cronenberg Rick,unknown,Cronenberg,,Male
83,Cronenberg Morty,unknown,Cronenberg,,Male
84,Cult Leader Morty,Alive,Human,,Male
85,Cyclops Morty,Alive,Humanoid,,Male
86,Cyclops Rick,Dead,Humanoid,,Male
87,Cynthia,Dead,Alien,Zigerion,Female
88,Cynthia,Alive,Human,,Female
89,Dale,Dead,Mythological Creature,Giant,Male
90,Daron Jefferson,Alive,Alien,Cone-nippled alien,Male
91,David Letterman,Alive,Human,,Male
92,Davin,Dead,Human,,Male
93,Diablo Verde,Dead,Mythological Creature,Demon,Male
94,Diane Sanchez,Dead,Human,,Female
95,Dipper and Mabel Mortys,unknown,Human,,unknown
96,Tuberculosis,Dead,Disease,,unknown
97,Gonorrhea,Dead,Disease,,unknown
98,Hepatitis A,Dead,Disease,,unknown
99,Hepatitis C,Dead,Disease,,unknown
100,Bubonic Plague,Dead,Disease,,unknown
101,E. Coli,Dead,Disease,,unknown
102,Donna Gueterman,Dead,Robot,,Female
103,Doofus Rick,unknown,Human,,Male
104,Doom-Nomitron,Dead,Alien,Shapeshifter,unknown
105,Dr. Glip-Glop,Dead,Alien,,Male
106,Dr. Schmidt,unknown,Human,Game,Male
107,Dr. Wong,Alive,Human,,Female
108,Dr. Xenon Bloom,Dead,Humanoid,Amoeba-Person,Male
109,Duck With Muscles,Dead,Alien,Parasite,Male
110,Eli,Alive,Human,,Male
111,Eli's Girlfriend,Alive,Human,,Female
112,Eric McMan,Alive,Human,,Male
113,Eric Stoltz Mask Morty,unknown,Human,,Male
114,Ethan,unknown,Human,Cronenberg,Male
115,Ethan,Alive,Human,,Male
116,Evil Beth Clone,Dead,Human,Clone,Female
117,Evil Jerry Clone,Dead,Human,Clone,Male
118,Evil Morty,Alive,Human,,Male
119,Evil Rick,Dead,Humanoid,Robot,Male
120,Evil Summer Clone,Dead,Human,Clone,Female
121,Eyehole Man,Alive,Alien,,Male
122,Fart,Dead,Alien,Interdimensional gaseous being,Male
123,Fat Morty,Alive,Human,,Male
124,Father Bob,Alive,Human,,Male
125,Flansian,Alive,Alien,Flansian,unknown
126,Fleeb,unknown,Alien,,unknown
127,Frank Palicky,Dead,Human,,Male
128,Frankenstein's Monster,Dead,Alien,Parasite,Male
129,Fulgora,Alive,Human,,Female
130,Galactic Federation President,Dead,Alien,Gromflomite,Male
131,Gar Gloonch,Dead,Alien,Zombodian,Male
132,Gar's Mytholog,Dead,Mythological Creature,Mytholog,Male
133,Garblovian,Alive,Alien,Garblovian,Male
134,Garmanarnar,Alive,Alien,,Male
135,Garment District Rick,Dead,Human,,Male
136,Gazorpazorpfield,Alive,Alien,Gazorpian,Male
137,Gene,Alive,Human,,Male
138,General Nathan,Dead,Human,,Male
139,General Store Owner,Dead,Alien,Cat-Person,Male
140,Genital Washer,Alive,Human,,Male
141,Ghost in a Jar,Dead,Alien,Parasite,Genderless
142,Gibble Snake,Dead,Alien,Animal,unknown
143,Glasses Morty,Alive,Human,,Male
144,Glenn,Dead,Alien,Gromflomite,Male
145,Glenn,Alive,Human,Eat shiter-Person,Male
146,Glexo Slim Slom,Alive,Alien,,Male
147,Gobo,Dead,Alien,,Male
148,Goddess Beth,unknown,Mythological Creature,Goddess,Female
149,Gordon Lunas,Dead,Human,,Male
150,Cornvelious Daniel,Dead,Alien,Gromflomite,Male
151,Gwendolyn,unknown,Robot,Gazorpian reproduction robot,Female
152,Hammerhead Morty,unknown,Humanoid,Hammerhead-Person,Male
153,Hamster In Butt,Alive,Animal,,unknown
154,Hamurai,Dead,Alien,Parasite,Male
155,Harold,Alive,Cronenberg,,Male
156,Hemorrhage,Alive,Human,,Male
157,Hole in the Wall Where the Men Can See it All,unknown,unknown,Hole,Genderless
158,Hookah Alien,Alive,Alien,Tuskfish,unknown
159,Hunter,Dead,Human,Clone,Male
160,Hunter's Father,Alive,Human,,Male
161,Hydrogen-F,Alive,Alien,Alphabetrian,Female
162,Ice-T,Alive,Alien,Alphabetrian,Male
163,Ideal Jerry,Dead,Mythological Creature,Mytholog,Male
164,Insurance Rick,unknown,Human,,Male
165,Investigator Rick,Dead,Human,,Male
166,Invisi-trooper,Alive,Human,,Male
167,Izzy,Alive,Animal,Cat,unknown
168,Jackie,Alive,Alien,Gazorpian,Female
169,Jacob,Alive,Human,,Male
170,Jacqueline,Alive,Human,,Female
171,Jaguar,Alive,Human,,Male
172,Jamey,Alive,Human,,Male
173,Jan-Michael Vincent,Alive,Human,,Male
174,Jerry 5-126,Alive,Human,,Male
175,Jerry Smith,Alive,Human,,Male
176,Celebrity Jerry,Alive,Human,,Male
177,Jerry Smith,Alive,Human,,Male
178,Jerry's Mytholog,Dead,Mythological Creature,Mytholog,Male
179,Jessica,Alive,Cronenberg,,Female
180,Jessica,Alive,Human,Time God,Female
181,Jessica's Friend,Alive,Human,,Female
182,Jim,Alive,Human,,Male
183,Johnny Depp,Alive,Human,,Male
184,Jon,Alive,Alien,Gazorpian,Male
185,Joseph Eli Lipkip,Alive,Human,,Male
186,Joyce Smith,Alive,Human,,Female
187,Juggling Rick,unknown,Human,,Male
188,Karen Entity,Alive,Alien,Unknown-nippled alien,Female
189,Katarina,Dead,Human,,Female
190,Keara,Alive,Alien,Krootabulan,Female
191,Kevin,Dead,Alien,Zigerion,Male
192,King Flippy Nips,Alive,Alien,Plutonian,Male
193,King Jellybean,Dead,Mythological Creature,Jellybean,Male
194,Kozbian,Alive,Alien,Tentacle alien,unknown
195,Kristen Stewart,Alive,Human,,Female
196,Krombopulos Michael,Dead,Alien,Gromflomite,Male
197,Kyle,Dead,Humanoid,Miniverse inhabitant,Male
198,Lady Katana,Dead,Humanoid,Cyborg,Female
199,Larva Alien,Alive,Alien,Larva alien,unknown
200,Lawyer Morty,unknown,Human,,Male
201,Leonard Smith,Alive,Human,,Male
202,Lighthouse Keeper,Dead,Alien,Cat-Person,Male
203,Lil B,Dead,Alien,Snail alien,Male
204,Lisa,Dead,Alien,,Female
205,Little Dipper,Alive,Humanoid,Tinymouth,Male
206,Lizard Morty,Alive,Humanoid,Lizard-Person,Male
207,Loggins,Alive,Alien,Alligator-Person,Male
208,Logic,Alive,Human,,Male
209,Long Sleeved Morty,unknown,Human,,Male
210,Lucy,Dead,Human,,Female
211,Ma-Sha,Alive,Alien,Gazorpian,Female
212,Magma-Q,Dead,Alien,Alphabetrian,Male
213,Magnesium-J,Alive,Alien,Alphabetrian,Male
214,Man Painted Silver Who Makes Robot Noises,Alive,Human,,Male
215,Maximums Rickimus,Dead,Human,,Male
216,MC Haps,Alive,Human,,Male
217,Mechanical Morty,Dead,Robot,,Male
218,Mechanical Rick,unknown,Robot,,Male
219,Mechanical Summer,unknown,Robot,,Female
220,Mega Fruit Farmer Rick,Alive,Human,,Male
221,Melissa,Alive,Mythological Creature,Monster,Female
222,Michael Denny and the Denny Singers,Alive,Human,,Male
223,Michael Jenkins,Dead,Human,,Male
224,Michael McLick,Alive,Human,,Male
225,Michael Thompson,Alive,Humanoid,Conjoined twin,Male
226,Million Ants,Dead,Animal,Sentient ant colony,Male
227,Mitch,Alive,Human,,Male
228,Mohawk Guy,Dead,Human,,Male
229,Morty Mart Manager Morty,Alive,Human,,Male
230,Morty Jr.,Alive,Humanoid,Human Gazorpian,Male
231,Morty Rick,unknown,Human,,Male
232,Morty Smith,Alive,Human,,Male
233,Morty K-22,Alive,Human,,Male
234,Morty Smith,Dead,Human,,Male
235,Mortytown Loco,Dead,Human,,Male
236,Mr. Beauregard,Dead,Alien,Parasite,Male
237,Mr. Benson,Alive,Human,,Male
238,Mr. Booby Buyer,Alive,Mythological Creature,Boobie buyer reptilian,Male
239,Mr. Goldenfold,Alive,Cronenberg,,Male
240,Mr. Goldenfold,Alive,Human,,Male
241,Mr. Marklovitz,Alive,Human,,Male
242,Mr. Meeseeks,unknown,Humanoid,Meeseeks,Male
243,Mr. Needful,Alive,Humanoid,The Devil,Male
244,Mr. Poopybutthole,Alive,Poopybutthole,,Male
245,Mrs. Lipkip,Alive,Human,,Female
246,Mrs. Pancakes,Alive,Human,,Female
247,Amy Poopybutthole,Alive,Poopybutthole,,Female
248,Mrs. Refrigerator,Dead,Alien,Parasite,Female
249,Mrs. Sanchez,unknown,Human,,Female
250,Mrs. Sullivan,Dead,Human,Cat controlled dead lady,Female
251,Nancy,Alive,Human,,Female
252,Noob-Noob,Alive,Poopybutthole,,Male
253,Numbericon,unknown,Alien,Numbericon,unknown
254,Octopus Man,Alive,Humanoid,Octopus-Person,Male
255,Orthodox Jew,Alive,Human,,Male
256,Pat Gueterman,Dead,Robot,,Male
257,Paul Fleishman,Alive,Human,,Male
258,Pawnshop Clerk,Alive,Alien,,Male
259,Pencilvester,Dead,Alien,Parasite,Male
260,Phillip Jacobs,Alive,Human,,Male
261,Photography Cyborg,unknown,Robot,,Male
262,Photography Raptor,Dead,Alien,Parasite,unknown
263,Pibbles Bodyguard,Alive,Alien,Hairy alien,Male
264,Pichael Thompson,Alive,Humanoid,Conjoined twin,Male
265,Pickle Rick,Alive,unknown,Pickle,Male
266,Piece of Toast,Alive,unknown,Bread,Genderless
267,Plumber Rick,Alive,Human,,Male
268,Poncho,Dead,Human,,Male
269,Presidentress of The Mega Gargantuans,Alive,Humanoid,Mega Gargantuan,Female
270,Prince Nebulon,Dead,Alien,Zigerion,Male
271,Principal Vagina,Alive,Cronenberg,,Male
272,Principal Vagina,Alive,Human,,Male
273,Purge Planet Ruler,Dead,Alien,Cat-Person,Male
274,Quantum Rick,unknown,Human,,Male
275,Randy Dicknose,Alive,Human,,Male
276,Rat Boss,Dead,Animal,Rat,unknown
277,Real Fake Doors Salesman,Alive,Human,,Male
278,Regional Manager Rick,Dead,Human,,Male
279,Regular Legs,Alive,Human,,Male
280,Reverse Giraffe,Dead,Alien,Parasite,Male
281,Reverse Rick Outrage,Dead,Human,,Male
282,Revolio Clockberg Jr.,unknown,Alien,Gear-Person,Male
283,Rick D. Sanchez III,Dead,Human,,Male
284,Rick Guilt Rick,unknown,Human,,Male
285,Rick Prime,Dead,Human,,Male
286,Rick D-99,Dead,Human,,Male
287,Rick D716,Dead,Human,,Male
288,Rick D716-B,Alive,Human,,Male
289,Rick D716-C,Alive,Human,,Male
290,Rick Sanchez,Dead,Human,,Male
291,Rick J-22,Alive,Human,,Male
292,Rick K-22,Alive,Human,,Male
293,Rick Sanchez,Dead,Human,,Male
294,Ricktiminus Sancheziminius,Dead,Human,,Male
295,Riq IV,Dead,Human,,Male
296,Risotto Groupon,Dead,Alien,Blue ape alien,Male
297,Risotto's Tentacled Henchman,Dead,Alien,Tentacle alien,Male
298,Robot Morty,unknown,Robot,,Male
299,Robot Rick,unknown,Robot,,Male
300,Roger,Dead,Human,,Male
301,Ron Benson,Alive,Alien,Ring-nippled alien,Male
302,Ruben,Dead,Human,,Male
303,Samantha,Alive,Human,,Female
304,Scary Brandon,Alive,Mythological Creature,Monster,Male
305,Scary Glenn,Alive,Mythological Creature,Monster,Male
306,Scary Terry,Alive,Mythological Creature,Monster,Male
307,Scroopy Noopers,Alive,Alien,Plutonian,Male
308,Scropon,unknown,Alien,Lobster-Alien,Male
309,Scrotian,Alive,Animal,Scrotian,Male
310,Self-Congratulatory Jerry,unknown,Mythological Creature,Mytholog,Male
311,Shimshamian,Alive,Alien,Shimshamian,Male
312,Shlaammi,Alive,Alien,,unknown
313,Shleemypants,Alive,unknown,Omniscient being,Male
314,Shmlamantha Shmlicelli,Alive,Human,,Female
315,Shmlangela Shmlobinson-Shmlower,Alive,Human,,Female
316,Shmlona Shmlobinson,Alive,Human,,Female
317,Shmlonathan Shmlower,Alive,Human,,Male
318,Shmlony Shmlicelli,Alive,Human,,Male
319,Shmooglite Runner,unknown,Alien,Animal,Male
320,Shnoopy Bloopers,unknown,Alien,,Male
321,Shrimply Pibbles,Alive,Alien,,Male
322,Simple Rick,Dead,Human,,Male
323,Slaveowner,Dead,Human,,Male
324,Sleepy Gary,Dead,Alien,Parasite,Male
325,Slick Morty,Dead,Human,,Male
326,Slippery Stair,Alive,Mythological Creature,Slug,Male
327,Slow Mobius,Alive,Humanoid,,Male
328,Slow Rick,Alive,Human,,Male
329,Snuffles (Snowball),Alive,Animal,Dog,Male
330,Solicitor Rick,unknown,Human,,Male
331,Squanchy,unknown,Alien,Cat-Person,Male
332,Stacy,Alive,Human,,Female
333,Stair Goblin,Alive,Mythological Creature,Stair goblin,Genderless
334,Stealy,Alive,Poopybutthole,,Male
335,Steve,Alive,Human,,Male
336,Steven Phillips,Alive,Alien,Unknown-nippled alien,Male
337,Stu,Dead,Alien,Zigerion,Male
338,Summer Smith,Alive,Human,,Female
339,Summer Smith,Alive,Human,,Female
340,Supernova,Alive,Human,Superhuman,Female
341,Taddy Mason,Alive,Human,,Male
342,Taint Washer,Alive,Human,,Male
343,Tammy Guetermann,Alive,Cronenberg,,Female
344,Tammy Guetermann,Dead,Human,,Female
345,Teacher Rick,Alive,Human,,Male
346,Terry,unknown,Human,,Male
347,President Curtis,Alive,Human,,Male
348,The President of the Miniverse,Dead,Humanoid,Miniverse inhabitant,Male
349,The Scientist Formerly Known as Rick,Dead,Human,,Male
350,Thomas Lipkip,unknown,Human,,Male
351,Three Unknown Things,Alive,Alien,,unknown
352,Tinkles,Dead,Alien,Parasite,Female
353,Tiny Rick,Dead,Human,Clone,Male
354,Toby Matthews,Alive,Human,,Male
355,Todd Crystal,Alive,Alien,Unknown-nippled alien,Male
356,Tom Randolph,Alive,Human,,Male
357,Tommy's Clone,Alive,Human,Clone,Male
358,Tophat Jones,Dead,Mythological Creature,Leprechaun,Male
359,Tortured Morty,unknown,Human,,Male
360,Toxic Morty,Dead,Humanoid,Morty's toxic side,Male
361,Toxic Rick,Dead,Humanoid,Rick's toxic side,Male
362,Traflorkian,Alive,Alien,Traflorkian,unknown
363,Trandor,Alive,Alien,Krootabulan,Male
364,Tree Person,Dead,Humanoid,Teenyverse inhabitant,unknown
365,Tricia Lange,Alive,Human,,Female
366,Trunk Morty,Alive,Humanoid,Trunk-Person,Male
367,Trunk Man,Alive,Humanoid,Trunk-Person,Male
368,Truth Tortoise,unknown,Mythological Creature,Omniscient being,Male
369,Tusked Assassin,unknown,Alien,Tuskfish,Male
370,Two Guys with Handlebar Mustaches,Alive,Human,,Male
371,Tumblorkian,Alive,Alien,Tumblorkian,Male
372,Unity,Alive,Alien,Hivemind,Genderless
373,Unmuscular Michael,Alive,Human,,Male
374,Vampire Master,Alive,Mythological Creature,Vampire,Male
375,Vance Maximus,Dead,Human,,Male
376,Veronica Ann Bennet,Alive,Alien,Gazorpian,Female
377,Voltematron,Dead,Alien,Parasite,unknown
378,Wall Crawling Rick,unknown,Humanoid,Lizard-Person,Male
379,Wedding Bartender,unknown,Alien,,Male
380,Unknown Rick,unknown,Human,,Male
381,Woman Rick,Alive,Alien,Chair,Female
382,Worldender,Dead,Alien,,Male
383,Yaarb,Alive,Alien,,Male
384,Yellow Headed Doctor,Alive,Alien,,Male
385,Yellow Shirt Rick,unknown,Human,,Male
386,Zarbadar Gloonch,Dead,Alien,Drumbloxian,Female
387,Zarbadar's Mytholog,unknown,Mythological Creature,Mytholog,Female
388,Zeep Xanflorp,Alive,Humanoid,Microverse inhabitant,Male
389,Zeta Alpha Rick,Dead,Human,,Male
390,Zick Zack,Dead,Alien,Floop Floopian,Male
391,Uncle Steve,Dead,Alien,Parasite,Male
392,Bearded Morty,Alive,Human,,Male
393,Roy,Alive,Human,Game,Male
394,Davin,Dead,Cronenberg,,Male
395,Greebybobe,Alive,Alien,Greebybobe,unknown
396,Scary Teacher,Alive,Mythological Creature,Monster,Male
397,Fido,Alive,Animal,Dog,Male
398,Accountant dog,Alive,Animal,Dog,Male
399,Tiny-persons advocacy group lawyer,Alive,Mythological Creature,Giant,Male
400,Giant Judge,Alive,Mythological Creature,Giant,Male
401,Morty Jr's interviewer,Alive,Human,,Male
402,Guy from The Bachelor,Alive,Human,,Male
403,Corn detective,Dead,Humanoid,Corn-person,Male
404,Michael Jackson,Alive,Humanoid,Phone-Person,Male
405,Trunkphobic suspenders guy,Alive,Human,,Male
406,Spiderweb teddy bear,Alive,Animal,Teddy Bear,unknown
407,Regular Tyrion Lannister,Alive,Human,,Male
408,Quick Mystery Presenter,Alive,Human,,Male
409,Mr. Sneezy,Alive,Human,Little Human,Male
410,Two Brothers,Alive,Human,,Male
411,Alien Mexican Armada,unknown,Alien,Mexican,Male
412,Giant Cat Monster,unknown,Animal,Giant Cat Monster,unknown
413,Old Women,unknown,Human,Old Amazons,Female
414,Trunkphobic guy,Alive,Human,,Male
415,Pro trunk people marriage guy,Alive,Human,,Male
416,Muscular Mannie,Alive,Human,Mannie,Male
417,Baby Legs Chief,Alive,Human,,Male
418,Mrs. Sullivan's Boyfriend,Alive,Human,Necrophiliac,Male
419,Plutonian Hostess,Alive,Alien,Plutonian,Female
420,Plutonian Host,Alive,Alien,Plutonian,Male
421,Rich Plutonian,Alive,Alien,Plutonian,Female
422,Rich Plutonian,Alive,Alien,Plutonian,Male
423,Synthetic Laser Eels,Alive,Animal,Eel,unknown
424,Pizza-person,Alive,Humanoid,Pizza,Male
425,Pizza-person,Alive,Humanoid,Pizza,Male
426,Greasy Grandma,Alive,Human,Grandma,Female
427,Phone-person,Alive,Humanoid,Phone,Male
428,Phone-person,Alive,Humanoid,Phone,Male
429,Chair-person,Alive,Humanoid,Chair,Male
430,Chair-person,Alive,Humanoid,Chair,Male
431,Chair-homeless,Alive,Humanoid,Chair,Male
432,Chair-waiter,Alive,Humanoid,Chair,Male
433,Doopidoo,Alive,Animal,Doopidoo,unknown
434,Super Weird Rick,unknown,Human,,Male
435,Pripudlian,Alive,Alien,Pripudlian,unknown
436,Giant Testicle Monster,Alive,Alien,,unknown
437,Michael,Alive,Human,,Male
438,Michael's Lawyer,Alive,Human,,Male
439,Veterinary,Alive,Human,,Female
440,Veterinary Nurse,Alive,Human,,Male
441,Bearded Jerry,Alive,Human,,Male
442,Shaved Head Jerry,Alive,Human,,Male
443,Tank Top Jerry,Alive,Human,,Male
444,Pink Polo Shirt Jerry,Alive,Human,,Male
445,Jerryboree Keeper,Alive,Alien,,Female
446,Jerryboree Receptionist,Alive,Alien,,Male
447,Anchor Gear,Alive,Alien,Gear-Person,Male
448,Gear Cop,Dead,Alien,Gear-Person,Male
449,Roy's Mum,Alive,Human,Game,Female
450,Roy's Wife,Alive,Human,Game,Male
451,Roy's Son,Alive,Human,Game,Male
452,Simon,Alive,Human,,Male
453,Vampire Master's Assistant,Alive,Mythological Creature,Vampire,Male
454,Arbolian Mentirososian,Alive,Alien,,unknown
455,St. Gloopy Noops Nurse,Alive,Alien,,Female
456,Nano Doctor,Alive,Alien,Nano Alien,Male
457,Funny Songs Presenter,Alive,Human,,Male
458,Tax Attorney,unknown,Human,,Male
459,Butthole Ice Cream Guy,Alive,Alien,,Male
460,Traflorkian Journalist,Alive,Alien,Traflorkian,Male
461,Communication's Responsible Rick,Dead,Human,,Male
462,Teleportation's Responsible Rick,unknown,Human,,Male
463,SEAL Team Rick,Dead,Human,,Male
464,SEAL Team Rick,Dead,Human,,Male
465,SEAL Team Rick,Dead,Human,,Male
466,SEAL Team Rick,Dead,Human,,Male
467,Morphizer-XE Customer Support,Alive,Alien,,Male
468,Morphizer-XE Customer Support,Alive,Alien,,Male
469,Morphizer-XE Customer Support,unknown,Alien,,Male
470,Alien Spa Employee,Alive,Alien,,Male
471,Little Voltron,Alive,Robot,,Genderless
472,Baby Rick,Alive,Human,Clone,Male
473,Bartender Morty,Alive,Human,,Male
474,Dancer Cowboy Morty,Alive,Human,,Male
475,Dancer Morty,Alive,Human,,Male
476,Flower Morty,Alive,Human,Human with a flower in his head,Male
477,Hairdresser Rick,Alive,Human,,Male
478,Journalist Rick,Alive,Human,,Male
479,Private Sector Rick,Dead,Human,,Male
480,Purple Morty,Alive,Alien,,Male
481,Retired General Rick,unknown,Human,,Male
482,Secret Service Rick,Alive,Human,,Male
483,Steve Jobs Rick,Alive,Human,,Male
484,Sheik Rick,Dead,Human,,Male
485,Modern Rick,Alive,Human,,Male
486,Tan Rick,Dead,Human,,Male
487,Visor Rick,Dead,Human,,Male
488,Colonial Rick,Dead,Human,,Male
489,P-Coat Rick,Dead,Human,,Male
490,Chang,Alive,Human,,Male
491,Dr. Eleanor Arroway,Alive,Human,,Female
492,Varrix,Alive,Alien,,unknown
493,Secretary of the Interior,Alive,Human,,Male
494,Crystal Poacher,Dead,Alien,,Male
495,Crystal Poacher,Dead,Alien,,Male
496,Crystal Poacher,Dead,Alien,,Male
497,Hologram Rick,Dead,Humanoid,Hologram,Male
498,Fascist Rick,Dead,Human,,Male
499,Fascist Morty,Dead,Human,,Male
500,Fascist Mr. President,Alive,Human,,Male
501,Fascist Rick’s Clone,Dead,Human,Clone,Male
502,Revolio Clockberg Jr.,Dead,Alien,Gear-Person,Male
503,Fascist Shrimp Rick,Alive,Animal,Shrimp,Male
504,Fascist Shrimp Rick’s Clone,Dead,Animal,Shrimp,Male
505,Fascist Shrimp Morty,Alive,Animal,Shrimp,Male
506,Fascist Shrimp SS,Alive,Animal,Shrimp,Male
507,Fascist Teddy Bear Rick,Alive,Animal,Teddy Bear,Male
508,Fascist Teddy Bear Rick’s Clone,Dead,Animal,Teddy Bear,Male
509,Bully,unknown,Human,,Male
510,Anchorman,Alive,Human,,Male
511,Anchorwoman,Alive,Human,,Female
512,Morty’s Lawyer,Alive,Human,,Male
513,Judge,Dead,Human,,Female
514,Public Opinion Judge,Alive,Human,,Female
515,Caterpillar Mr. Goldenfold,Dead,Animal,Caterpillar,Male
516,Wasp Rick,Alive,Animal,Wasp,Male
517,Wasp Rick’s Clone,unknown,Animal,Wasp,Male
518,Wasp Morty,Alive,Animal,Wasp,Male
519,Wasp Summer,Alive,Animal,Wasp,Female
520,Wasp Jerry,Alive,Animal,Wasp,Male
521,Wasp Beth,Alive,Animal,Wasp,Female
522,Caterpillar Mr. Goldenfold’s Larvae,Dead,Animal,Caterpillar,unknown
523,Boglin,unknown,unknown,Toy,unknown
524,Kirkland Brand Mr. Meeseeks,unknown,Humanoid,Meeseeks,Male
525,Glootie,Alive,Alien,Monogatron,Male
526,Danny Publitz,Alive,Human,,Male
527,Mothership Intern,Alive,Alien,Monogatron,Male
528,Monogatron Leader,Alive,Alien,Monogatron,Male
529,Lizard,Dead,Alien,Lizard,Male
530,Deliverance,Dead,Robot,,Genderless
531,Tony,Dead,Alien,,Male
532,Tony’s Wife,Dead,Alien,,Female
533,Monogatron Queen,Alive,Alien,Monogatron,Female
534,Tony's Dad,Alive,Alien,,Male
535,Jeff,Alive,Human,,Male
536,Josiah,Alive,Human,,Male
537,Maggie,Alive,Human,,Female
538,Priest Witherspoon,Alive,Human,,Male
539,Richard,Alive,Human,,Male
540,Running Bird,Alive,Human,,Male
541,Secretary at Tony's,Alive,Alien,,Female
542,Mountain Sweat Jerry,Alive,Human,,Male
543,Vermigurber,Alive,Alien,Fly,Male
544,Miles Knightly,Dead,Alien,,Male
545,Heist-Con Receptionist,Alive,Alien,,Female
546,Angie Flint,Alive,Human,Cyborg,Female
547,Glar,Alive,Alien,,Male
548,Truckula,Alive,Mythological Creature,Vampire,Male
549,Snake Arms,Alive,Alien,,Male
550,Double Microwawe,Alive,Humanoid,Cyborg,Male
551,Monitor Lord,Alive,Alien,,Male
552,Key Catcher,Alive,Alien,,Female
553,The Shapeshiftress,Alive,Alien,Shapeshifter,Female
554,Heistotron,Dead,Robot,,Genderless
555,Randotron,Dead,Robot,,Genderless
556,Hephaestus,Alive,Mythological Creature,God,Male
557,Ventriloquiver,Alive,Humanoid,Dummy,Female
558,Elon Tusk,Alive,Human,Human with tusks,Male
559,Gramuflackian Anchorman,Dead,Alien,Gramuflackian,Male
560,Gramuflackian General,Dead,Alien,Gramuflackian,Male
561,Netflix Executive,Alive,Human,,Male
562,Balthromaw,Alive,Mythological Creature,Dragon,Male
563,The Wizard,Dead,Human,,Male
564,Talking Cat,Alive,Animal,,Male
565,Debrah,Alive,Mythological Creature,Dragon,Male
566,Debrah’s Partner,Alive,Mythological Creature,Dragon,Male
567,Michael,Alive,Mythological Creature,Dragon,Male
568,Slut Dragon,Alive,Mythological Creature,Dragon,Male
569,Shadow Jacker,Alive,Mythological Creature,Dragon,Male
570,Chachi,Dead,Alien,,Male
571,Slippy,Alive,Animal,Snake,Female
572,Robot Snake,unknown,Robot,Snake,Genderless
573,Snake Hitler,Dead,Animal,Snake,Male
574,Snake Lincoln,Dead,Animal,Snake,Male
575,Snake Resistance Robot,Dead,Robot,Human-Snake hybrid,Genderless
576,Snake Linguist,unknown,Animal,Snake,Male
577,Snake Terminator,unknown,Robot,Snake,Male
578,Snake Soldier,Alive,Animal,Snake,Male
579,Snake with Legs,Alive,Animal,Snake,Male
580,Secret Service Snake,Alive,Animal,Snake,Male
581,Anchosnake,Alive,Animal,Snake,Male
582,Anchosnake,Alive,Animal,Snake,Female
583,80's snake,unknown,Animal,Snake,Male
584,Bar Customer,Alive,Human,,Male
585,Bartender,Alive,Human,,Female
586,PC Basketball Player,Alive,Human,,Male
587,Cavesnake,Dead,Animal,Snake,Male
588,Pet Shop Employee,Alive,Human,,Male
589,Snake Reporter,Alive,Animal,Snake,Male
590,High Pilot,unknown,Human,,Male
591,High Pilot,unknown,Human,,Male
592,Phoenixperson,Dead,Alien,Cyborg,Male
593,Tickets Please Guy,Dead,Human,Soulless Puppet,Male
594,Floaty Bloody Man,Dead,Human,Half Soulless Puppet,Male
595,Floaty Non-Gasm Brotherhood Member,Dead,Alien,Soulless Puppet,Male
596,Floaty Non-Gasm Brotherhood Member Friend,Dead,Alien,Soulless Puppet,Female
597,Abradolf Lincler,Alive,Human,Soulless Puppet,Male
598,Biblesaurus,Alive,Animal,Soulless Puppet,Male
599,Birdperson,Alive,Alien,Soulless Puppet,Male
600,Cats Fan,Alive,Alien,Soulless Puppet,Female
601,Christmas Storyteller,Alive,Alien,Soulless Puppet,Male
602,Cookies Guy,Alive,Human,Soulless Puppet,Male
603,Crossy,Alive,unknown,Soulless Puppet,Genderless
604,Female Scorpion,Dead,Animal,Soulless Puppet,Female
605,Floaty Bloody Man’s Daughter,Dead,Human,Soulless Puppet,Female
606,Goomby,Alive,Alien,Soulless Puppet,Male
607,Hairspray Fan,Alive,Alien,Soulless Puppet,Female
608,Jesus Christ,Alive,Human,Soulless Puppet,Male
609,Josh,Dead,Human,Soulless Puppet,Male
610,Josh's Sister,Dead,Human,Soulless Puppet,Female
611,Leah,Alive,unknown,Soulless Puppet,Female
612,Marcus,Alive,Human,Soulless Puppet,Male
613,Mike Johnson,Alive,Human,Soulless Puppet,Male
614,Mr. Celery & Friends,Alive,unknown,Soulless Puppet,Genderless
615,Musical Fan,Alive,Alien,Soulless Puppet,Male
616,Phantom of the Opera Fan,Alive,Alien,Soulless Puppet,Male
617,Phoenixperson,Alive,Alien,Soulless Puppet,Male
618,Private Smith,unknown,Human,Soulless Puppet,Male
619,Professor Sanchez,Dead,Human,Soulless Puppet,Male
620,Ramamama Lord,Alive,Human,Soulless Puppet,Male
621,Ruth Bader Ginsburg,Alive,Human,Soulless Puppet,Female
622,Sarge,Alive,Human,Soulless Puppet,Male
623,Shrek The Musical Fan,Alive,Alien,Soulless Puppet,Male
624,Snuffles,Alive,Animal,Soulless Puppet,Male
625,Storylord,Alive,Human,Soulless Puppet,Male
626,Tammy Guetermann,Alive,Human,Soulless Puppet,Female
627,The Concept of Time,Alive,unknown,Soulless Puppet,Genderless
628,Beth Smith,Alive,Human,Soulless Puppet,Female
629,Summer Smith,Alive,Human,Soulless Puppet,Female
630,Morty Smith,Alive,Human,Soulless Puppet,Male
631,Rick Sanchez,Alive,Human,Soulless Puppet,Male
632,Train Cop,Dead,Human,Soulless Puppet,Male
633,Train Cops,Alive,Human,Soulless Puppet,Female
634,Train Cops Instructor,Dead,Human,Soulless Puppet,Male
635,Darth Poopybutthole,Alive,Poopybutthole,Soulless Puppet,Male
636,Evil Morty,Alive,Human,Soulless Puppet,Male
637,Morty’s Disguise,Alive,Human,Soulless Puppet,Female
638,Rick’s Disguise,Alive,Human,Soulless Puppet,Male
639,Uncle Nibbles,Dead,Alien,Soulless Puppet,Male
640,Angry Glorzo,Dead,Alien,Glorzo,Male
641,Bruce,Dead,Alien,Glorzo,Male
642,Council of Glorzos Member,Dead,Alien,Glorzo,Male
643,Council of Glorzos Member,Dead,Alien,Glorzo,Male
644,Old Glorzo,Dead,Alien,Glorzo,Male
645,Shane,unknown,Alien,Glorzo,Male
646,Steve,Dead,Alien,Glorzo,Male
647,Troy,Dead,Alien,Glorzo,Male
648,Crystal Dealers Boss,Dead,Alien,,Male
649,Crystal Dealer,Dead,Alien,,Male
650,Crystal Dealer,Dead,Alien,,Male
651,Crystal Dealer,Dead,Alien,,Male
652,SWAT Officer,Dead,Human,,Male
653,Plane Crash Survivor,unknown,Human,,Female
654,Plane Crash Survivor,unknown,Human,,Male
655,Heroine Keith,Alive,Human,,Male
656,Impervious to Acid SWAT Officer,Dead,Human,,Male
657,Johnny Carson,Alive,Human,,Male
658,Sonia Sotomayor,Alive,Human,,Female
659,Morty’s Father-in-law,Alive,Human,,Male
660,Morty’s Mother-in-law,Alive,Human,,Female
661,Morty’s Girlfriend,Alive,Human,,Female
662,Gaia,Alive,unknown,Planet,Female
663,Reggie,Dead,Mythological Creature,Zeus,Male
664,Ticktock,unknown,Humanoid,Clay-Person,Genderless
665,Florflock,Alive,Humanoid,Clay-Person,Genderless
666,Squeeb,Alive,Humanoid,Clay-Person,Genderless
667,Defiance Beth,Alive,Human,Clone,Female
668,Defiance Squanchette,Alive,Alien,Cat-Person,Female
669,Defiance Doctor,Alive,Alien,,Male
670,New Improved Galactic Federation Guard,Dead,Alien,Gromflomite,Male
671,New Improved Galactic Federation Guard,Dead,Alien,Gromflomite,Male
672,Mr. Nimbus,Alive,Mythological Creature,Sexy Aquaman,Male
673,Hoovy,Dead,Humanoid,Narnian,Male
674,Bova,Dead,Humanoid,Narnian,Female
675,Japheth,Dead,Humanoid,Narnian,Male
676,Japheth's Middle Son,Dead,Humanoid,Narnian,Male
677,Japheth's Eldest Son,Dead,Humanoid,Narnian,Male
678,Japheth's Youngest Son,Dead,Humanoid,Narnian,Male
679,Japheth's Grandson,Dead,Humanoid,Narnian,Male
680,Adam,Dead,Humanoid,Narnian,Male
681,Adam's Mother,Dead,Humanoid,Narnian,Female
682,Warlock,Dead,Humanoid,Narnian,Male
683,Evolved Narnian,Alive,Humanoid,Narnian,Male
684,Mr. Nimbus Secretary,Alive,Animal,Starfish,Female
685,Evolved Narnian Disguised as Morty,Alive,Humanoid,Narnian,Male
686,Mr. Nimbus' Squid,Dead,Animal,Squid,Male
687,Scarecrow Rick,Dead,Robot,Decoy,Male
688,Scarecrow Summer,Dead,Robot,Decoy,Female
689,Scarecrow Jerry,Dead,Robot,Decoy,Male
690,Scarecrow Morty,Dead,Robot,Decoy,Male
691,Scarecrow Beth,Dead,Robot,Decoy,Female
692,Glockenspiel Jerry,Alive,Robot,Decoy,Male
693,Glockenspiel Beth,Dead,Robot,Decoy,Female
694,Glockenspiel Rick,Dead,Robot,Decoy,Male
695,Glockenspiel Summer,Dead,Robot,Decoy,Female
696,Glockenspiel Morty,Dead,Robot,Decoy,Male
697,Wicker Beth,Dead,Robot,Decoy,Female
698,Wicker Rick,Dead,Robot,Decoy,Male
699,Wicker Morty,Dead,Robot,Decoy,Male
700,Wicker Summer,Dead,Robot,Decoy,Female
701,Metal Rick,Dead,Robot,Decoy,Male
702,Gun Brain Rick,Dead,Robot,Decoy,Male
703,Mr. Always Wants to be Hunted,Alive,Poopybutthole,,Male
704,Squid Costume Beth,Dead,Robot,Decoy,Female
705,Squid Costume Jerry,Dead,Robot,Decoy,Male
706,Squid Costume Morty,Dead,Robot,Decoy,Male
707,Squid Costume Rick,Dead,Robot,Decoy,Male
708,Squid Costume Summer,Dead,Robot,Decoy,Female
709,Dracula,Alive,Mythological Creature,Vampire,Male
710,Steve,Alive,Human,,Male
711,When Wolf,Alive,Mythological Creature,Whenwolf,Male
712,Too Cute to Murder Beth,Dead,Robot,Decoy,Female
713,Too Cute to Murder Rick,Dead,Robot,Decoy,Male
714,Too Cute to Murder Jerry,Dead,Robot,Decoy,Male
715,Too Cute to Murder Morty,Dead,Robot,Decoy,Male
716,Too Cute to Murder Summer,Dead,Robot,Decoy,Female
717,Planetina,Alive,Humanoid,Summon,Female
718,Daphne,Alive,Alien,Morglutzian,Female
719,Diesel Weasel,Alive,Animal,Weasel,Male
720,Eddie,Dead,Human,,Male
721,Xing Ho,Dead,Human,,Female
722,Air Tina-Teer,Dead,Human,,Female
723,Water Tina-Teer,Dead,Human,,Male
724,Planetina Buyer,Dead,Human,,Male
725,Tony Galopagus,Alive,Human,,Male
726,Sticky,Alive,unknown,Super Sperm Monster,Male
727,Professor Shabooboo,Dead,Human,,Male
728,Sperm Queen,Dead,unknown,Super Sperm Monster,Female
729,CHUD King,Alive,Animal,CHUD,Male
730,Princess Ponietta,Alive,Animal,CHUD,Female
731,Naruto Smith,Alive,Humanoid,Giant Incest Baby,Male
732,Blazen,Dead,Human,,Male
733,Kathy Ireland,Alive,Human,,Female
734,Amazing Johnathan,Alive,Human,,Male
735,Foal Sanchez,Alive,Humanoid,CHUD Human Mix,unknown
736,Spaceman,Dead,Human,,Male
737,Cirque du Soleil Zumanity Member,Alive,Human,,Female
738,Cirque du Soleil Zumanity Member,Alive,Human,,Male
739,Cirque du Soleil Zumanity Member,Alive,Human,,Female
740,Cirque du Soleil Zumanity Member,Dead,Human,,Female
741,Cirque du Soleil Zumanity Member,Alive,Human,,Female
742,Bruce Chutback,Alive,Human,,Male
743,Alyson Hannigan,Dead,Alien,,Female
744,Cenobite,unknown,Mythological Creature,Demon,Male
745,Cenobite,unknown,Mythological Creature,Demon,Female
746,Cenobite,unknown,Mythological Creature,Demon,Male
747,Cenobite,unknown,Mythological Creature,Demon,Male
748,Cenobite,unknown,Mythological Creature,Demon,Male
749,Coat Rack Head,unknown,Mythological Creature,Demon,Male
750,Mousetrap Nipples,unknown,Mythological Creature,Demon,Male
751,Changeformer,Dead,Robot,Changeformer,Male
752,Changeformer,Dead,Robot,Changeformer,Male
753,Space Cruiser,Alive,Robot,Artificial Intelligence,Female
754,Coop,Alive,Human,,Male
755,Dwayne,Alive,Human,,Male
756,Franklin D. Roosevelt,Dead,Humanoid,Guinea Pig for the Polio Vaccine,Male
757,President's General,Alive,Human,,Male
758,Giant Assassin Hidden in the Statue of Liberty,Alive,Robot,,Female
759,Turkey Morty,Alive,Animal,Turkey,Male
760,Turkey Rick,Alive,Animal,Turkey,Male
761,Turkey President Curtis,Alive,Animal,Turkey,Male
762,Martínez,Dead,Animal,Turkey,Male
763,Marvin,Alive,Human,,Male
764,Jackey,Alive,Human,,Male
765,Native Alien,Alive,Alien,,Male
766,Pilgrim Alien,Alive,Alien,,Male
767,President Turkey,Dead,Humanoid,Turkey Human Mix,Male
768,Mary-Lou,Alive,Human,,Female
769,Big Fat rick,unknown,Human,,Male
770,Hothead Rick,Dead,Human,,Male
771,Ricardo Montoya,unknown,Human,,Male
772,Wrap-it-up Little Rick,Dead,Human,,Male
773,Yo-yo Rick,unknown,Human,,Male
774,Voiceoverian,Dead,Alien,Parasite,unknown
775,Voiceoverian,Dead,Alien,Parasite,unknown
776,Gotron Pilot,Dead,Human,Anime,Male
777,Gotron Pilot,Dead,Human,Anime,Male
778,Gotron Pilot,Dead,Human,Anime,Male
779,Young Memory Rick,Alive,Human,Memory,Male
780,Memory Tammy,Dead,Human,Memory,Female
781,Rick's Garage,Alive,Robot,Artificial Intelligence,Female
782,Memory Squanchy,Dead,Alien,Memory,Male
783,Memory Rick,Dead,Human,Memory,Male
784,Memory Rick,Dead,Human,Memory,Male
785,Memory Geardude,Dead,Alien,Memory,Male
786,Birdperson & Tammy's Child,Alive,Humanoid,Bird-Person Human Mix,Female
787,Two Crows,Alive,Animal,Crow,unknown
788,Mr. Cookie President,Alive,Alien,Cookie,Male
789,Nick,Dead,Human,,Male
790,Harold (Garbage Goober),Alive,Alien,,Male
791,Harold's Wife,Alive,Alien,,Female
792,Alien Crow,Dead,Alien,Crow,Male
793,Alien Crow,Dead,Alien,Crow,Female
794,Samansky,Dead,Alien,Normal Size Bug,Male
795,Palicki,Alive,Alien,Normal Size Bug,Male
796,Sarge,Alive,Alien,Normal Size Bug,Male
797,Slartivartian,Dead,Alien,Slartivartian,Male
798,Ferkusian,Alive,Alien,Ferkusian,Male
799,Morglutzian,Dead,Alien,Morglutzian,Male
800,Super Turkey,Dead,Humanoid,Turkey Human Mix,Male
801,7+7 Years Old Morty,unknown,Human,,Male
802,26 Years Old Morty,Dead,Human,,Male
803,40 Years Old Morty,unknown,Human,,Male
804,Andy,unknown,Human,Mascot,Male
805,Baby Mouse Skin Morty,Alive,Human,,Male
806,Metaphor for Capitalism,Dead,Humanoid,,Male
807,Beth Sanchez,Dead,Human,,Female
808,Crow Scare,Alive,Humanoid,Scarecrow,Male
809,Pussifer,Dead,Animal,Tiger,Male
810,Stan Lee Rick,unknown,Human,,Male
811,Re-Build-a-Morty Morty,unknown,Human,,Male
812,Deformed Morty,Dead,Humanoid,,Male
813,Crow Horse,Alive,Robot,Crow Horse,unknown
814,Bald Rick,Dead,Human,,Male
815,Punk Rick,Dead,Human,,Male
816,Party Rick,Dead,Human,,Male
817,Scar Rick,Dead,Human,,Male
818,Long Hair Rick,unknown,Human,,Male
819,Redhead Rick,Dead,Human,,Male
820,Redhead Morty,Dead,Human,,Male
821,Gotron,unknown,Robot,Ferret Robot,Genderless
822,Young Jerry,unknown,Human,,Male
823,Young Beth,unknown,Human,,Female
824,Young Beth,unknown,Human,,Female
825,Young Jerry,unknown,Human,,Male
826,Butter Robot,Alive,Robot,Passing Butter Robot,Genderless
